Evidence_ID,Source,Evidence_Type,Drug_Product,Observation,Date,Population_Context,Measurement_Result,Supporting_Documentation,Evidence_Quality,Validation_Status,Limitations,Reviewer_Action,Human_Review_Required
EV001,FAERS/AEMS,Adverse Event Report,Drug A,Headache reported after exposure,2026-08-01,Adult population; details incomplete,Not applicable,Original safety report,Moderate,Validated,Limited clinical information,Review with other available evidence,Yes
EV002,FAERS/AEMS,Adverse Event Report,Drug A,Nausea reported after exposure,2026-08-02,Adult population; details incomplete,Not applicable,Original safety report,Moderate,Validated,Alternative causes cannot be excluded,Review with other available evidence,Yes
EV003,PubMed,Literature,Drug A,Published article discusses a possible association with headache,2026-08-03,Published study population,Not applicable,Published scientific article,High,Validated,Study limitations apply,Compare with other evidence,Yes
EV004,DailyMed,Product Label,Drug A,Headache listed in product information,2026-08-04,Product information,Not applicable,Product labeling document,High,Validated,Label information does not establish causality for an individual case,No further action in sample dataset,No
EV005,ClinicalTrials.gov,Clinical Trial,Drug A,Headache observed during hypothetical study,2026-08-05,Adult study population; fictional record,Not applicable,Clinical trial record,High,Validated,Fictional demonstration record,Review alongside other evidence,Yes
EV006,Laboratory QC,Laboratory Result,Drug A,Batch B001 shows an unusual analytical result requiring investigation,2026-08-06,Fictional laboratory sample,Result requires investigation,Laboratory worksheet,Moderate,Needs Review,Applicable specification not provided in sample dataset,Human QC review required,Yes
EV007,Drug Quality Complaint,Quality Complaint,Drug A,Tablet appearance complaint associated with Batch B002,2026-08-07,Fictional product complaint,Not applicable,Quality complaint record,Low,Incomplete,Supporting documentation incomplete,Request additional information,Yes
EV008,Medication Error Report,Medication Error,Drug A,Wrong administration route reported,2026-08-08,Fictional medication-use event,Not applicable,Medication error report,Moderate,Unverified,Source information requires verification,Verify source documentation,Yes
EV009,PubMed,Literature,Drug A,Published study reports no clear association with the observed reaction,2026-08-09,Published study population,Not applicable,Published scientific article,High,Conflicting,Findings conflict with another evidence record,Human scientific review required,Yes
EV010,Laboratory QC,Laboratory Result,Drug A,Repeat laboratory record lacks sufficient supporting documentation,2026-08-10,Fictional laboratory sample,Supporting data incomplete,Laboratory record,Low,Incomplete,Raw supporting information is insufficient,Request additional documentation,Yes